"Country","Year"
"United States",2022
"United States",2022
"United States",2022
"United States",2022
"United States",2022
"Switzerland",2022
"United States",2022
"United States",2022
"United States",2022
"United States",2022
"United States",2022
"United States",2022
"United States",2022
"United States",2022
"United States",2022
"United States",2022
"United States",2022
"United States",2022
"United States",2022
"United States",2022
"Canada",2022
"Spain",2022
"Switzerland",2022
"Switzerland",2022
"United States",2022
"Germany",2022
"Denmark",2022
"Poland",2022
"India",2022
"United States",2022
"Israel",2022
"Hong Kong",2022
"India",2022
"United Kingdom",2022
"Netherlands",2022
"Germany",2022
"Germany",2022
"Switzerland",2022
"United Kingdom",2022
"Turkey",2022
"Germany",2022
"Netherlands",2022
"United Kingdom",2022
"Netherlands",2022
"Netherlands",2022
"Austria",2022
"United Kingdom",2022
"Switzerland",2022
"Cyprus",2022
"Bosnia and Herzegovina",2022
"Germany",2022
"Switzerland",2022
"Ukraine",2022
"United States",2022
"Spain",2022
"Spain",2022
"Czechia",2022
"United Kingdom",2022
"Switzerland",2022
"India",2022
"United States",2022
"India",2022
"United Kingdom",2022
"Singapore",2022
"United States",2022
"United Kingdom",2022
"Germany",2022
"Thailand",2022
"United Kingdom",2022
"Germany",2022
"Pakistan",2022
"United Kingdom",2022
"India",2022
"India",2022
"India",2022
"Russia",2022
"Poland",2022
"Austria",2022
"Spain",2022
"Netherlands",2022
"Spain",2022
"United States",2022
"Norway",2022
"United States",2022
"Norway",2022
"United States",2022
"United States",2022
"Sweden",2022
"Russia",2022
"United States",2022
"United Kingdom",2022
"United States",2022
"United Kingdom",2022
"Australia",2022
"Netherlands",2022
"United Kingdom",2022
"India",2022
"Germany",2022
"United States",2022
"Switzerland",2022
"United States",2022
"Germany",2022
"Spain",2022
"United Kingdom",2022
"Germany",2022
"Switzerland",2022
"United Kingdom",2022
"United States",2022
"Netherlands",2022
"Turkey",2022
"India",2022
"Spain",2022
"South Korea",2022
"Lithuania",2022
"New Zealand",2022
"Canada",2022
"Lithuania",2022
"Denmark",2022
"India",2022
"Taiwan",2022
"Germany",2022
"United States",2022
"Russia",2022
"United Kingdom",2022
"United States",2022
"United States",2022
"Turkey",2022
"Italy",2022
"United Kingdom",2022
"Switzerland",2022
"United States",2022
"United States",2022
"Georgia",2022
"United States",2022
"United States",2022
"United States",2022
"United States",2022
"United States",2022
"United States",2022
"Germany",2022
"United States",2022
"United States",2022
"United States",2022
"United States",2022
"Poland",2022
"Germany",2022
"Switzerland",2022
"Brazil",2022
"Germany",2022
"Portugal",2022
"United Kingdom",2022
"Japan",2022
"Spain",2022
"Germany",2022
"Switzerland",2022
"Switzerland",2022
"United States",2022
"United States",2022
"Brazil",2022
"Canada",2022
"Canada",2022
"United States",2022
"United States",2022
"United States",2022
"United States",2022
"Brazil",2022
"United States",2022
"Canada",2022
"United States",2022
"United States",2022
"United States",2022
"Brazil",2022
"United States",2022
"United States",2022
"United States",2022
"United States",2022
"Brazil",2022
"Brazil",2022
"United States",2022
"United States",2022
"Denmark",2022
"United States",2022
"United States",2022
"United States",2022
"Singapore",2022
"United States",2022
"United States",2022
"Canada",2022
"United States",2022
"United States",2022
"Norway",2022
"United States",2022
"United States",2022
"United States",2022
"United States",2022
"United States",2022
"Portugal",2022
"United States",2022
"Philippines",2022
"Brazil",2022
"United States",2022
"Poland",2022
"Brazil",2022
"United States",2022
"United States",2022
"United States",2022
"United States",2022
"Chile",2022
"Canada",2022
"United States",2022
"France",2022
"Brazil",2022
"Brazil",2022
"United States",2022
"Kazakhstan",2022
"United States",2022
"United States",2022
"France",2022
"United States",2022
"United States",2022
"United States",2022
"United States",2022
"United States",2022
"United States",2022
"United States",2022
"United States",2022
"United States",2022
"United States",2022
"United States",2022
"United States",2022
"United States",2022
"Brazil",2022
"United States",2022
"United Kingdom",2022
"United Kingdom",2022
"United States",2022
"United States",2022
"Pakistan",2022
"United States",2022
"United States",2022
"United States",2022
"United States",2022
"United States",2022
"United States",2022
"United States",2022
"United States",2022
"United States",2022
"Japan",2022
"United States",2022
"United States",2022
"Czechia",2022
"United States",2022
"United States",2022
"United States",2022
"United States",2022
"United States",2022
"United States",2022
"United States",2022
"Canada",2022
"United States",2022
"United States",2022
"Croatia",2022
"United States",2022
"Canada",2022
"United States",2022
"United States",2022
"United States",2022
"United States",2022
"United States",2022
"United States",2022
"United States",2022
"Kenya",2022
"United States",2022
"United States",2022
"United States",2022
"United States",2022
"Canada",2022
"United States",2022
"Canada",2022
"United States",2022
"United States",2022
"United States",2022
"United States",2022
"United States",2022
"United States",2022
"United States",2022
"United States",2022
"United States",2022
"United States",2022
"Canada",2022
"United States",2022
"United States",2022
"United States",2022
"United States",2022
"United States",2022
"United States",2022
"United States",2022
"United States",2022
"United States",2022
"Brazil",2022
"Guatemala",2022
"United States",2022
"United States",2022
"United States",2022
"Ireland",2022
"United States",2022
"United States",2022
"United States",2022
"United States",2022
"United States",2022
"United States",2022
"Venezuela",2022
"United States",2022
"United States",2022
"United States",2022
"United States",2022
"United States",2022
"United States",2022
"United States",2022
"United States",2022
"United States",2022
"United States",2022
"United States",2022
"United States",2022
"United States",2022
"Canada",2022
"United States",2022
"United States",2022
"United States",2022
"Canada",2022
"United States",2022
"Germany",2022
"United States",2022
"United Kingdom",2022
"United States",2022
"United States",2022
"United States",2022
"United States",2022
"Canada",2022
"Romania",2022
"United States",2022
"United States",2022
"United States",2022
"United States",2022
"United States",2022
"United States",2022
"United States",2022
"United States",2022
"United States",2022
"United States",2022
"United States",2022
"United States",2022
"United States",2022
"United States",2022
"United States",2022
"United States",2022
"United Kingdom",2022
"United States",2022
"United States",2022
"Canada",2022
"United States",2022
"United States",2022
"United States",2022
"United States",2022
"United States",2022
"United States",2022
"United States",2022
"Portugal",2022
"United States",2022
"United States",2022
"Canada",2022
"United States",2022
"United States",2022
"United States",2022
"United States",2022
"United States",2022
"United States",2022
"Canada",2022
"United States",2022
"United States",2022
"United States",2022
"United States",2022
"Switzerland",2022
"Canada",2022
"United States",2022
"United States",2022
"Brazil",2022
"United States",2022
"United States",2022
"United States",2022
"United States",2022
"Brazil",2022
"United States",2022
"United States",2022
"United States",2022
"United States",2022
"United States",2022
"Brazil",2022
"United States",2022
"United States",2022
"United States",2022
"United States",2022
"United States",2022
"United States",2022
"Canada",2022
"United States",2022
"United States",2022
"United States",2022
"Brazil",2022
"United States",2022
"United States",2022
"United States",2022
"United States",2022
"Brazil",2022
"United States",2022
"United States",2022
"Brazil",2022
"Russia",2022
"United States",2022
"United States",2022
"United States",2022
"Germany",2022
"United States",2022
"United States",2022
"United States",2022
"United States",2022
"United States",2022
"United States",2022
"United States",2022
"United States",2022
"United States",2022
"Canada",2022
"Australia",2022
"United States",2022
"United States",2022
"United States",2022
"United States",2022
"United Kingdom",2022
"Switzerland",2022
"Brazil",2022
"United States",2022
"United States",2022
"United Kingdom",2022
"United States",2022
"Australia",2022
"Canada",2022
"United States",2022
"United States",2022
"United States",2022
"United States",2022
"United States",2022
"United States",2022
"Poland",2022
"United States",2022
"United States",2022
"United States",2022
"Australia",2022
"United States",2022
"United States",2022
"United States",2022
"United States",2022
"Australia",2022
"Brazil",2022
"United States",2022
"Australia",2022
"United States",2022
"United States",2022
"United States",2022
"Australia",2022
"United States",2022
"United States",2022
"United States",2022
"United States",2022
"United States",2022
"United States",2022
"Canada",2022
"United States",2022
"United States",2022
"United States",2022
"Germany",2022
"United States",2022
"Indonesia",2022
"United States",2022
"Canada",2022
"United States",2022
"United States",2022
"United States",2022
"United States",2022
"United States",2022
"United States",2022
"United States",2022
"United States",2022
"United States",2022
"United States",2022
"Japan",2022
"United States",2022
"Pakistan",2022
"United States",2022
"United States",2022
"Canada",2022
"Sweden",2022
"United States",2022
"Malta",2022
"India",2022
"Singapore",2022
"United States",2022
"United States",2022
"Switzerland",2022
"United States",2022
"Sweden",2022
"United States",2022
"United States",2022
"United States",2022
"Germany",2022
"Russia",2022
"United States",2022
"India",2022
"Germany",2022
"United States",2022
"United States",2022
"Switzerland",2022
"Portugal",2022
"Qatar",2022
"Qatar",2022
"Australia",2022
"Brazil",2022
"United Kingdom",2022
"Italy",2022
"United States",2022
"United States",2022
"United States",2022
"Canada",2022
"Switzerland",2022
"United States",2022
"United States",2022
"United States",2022
"United States",2022
"United States",2022
"United States",2022
"United States",2022
"Czechia",2022
"United States",2022
"United States",2022
"United States",2022
"United States",2022
"United States",2022
"United States",2022
"Canada",2022
"United States",2022
"United Kingdom",2022
"United States",2022
"Germany",2022
"United States",2022
"United States",2022
"United States",2022
"United States",2022
"United States",2022
"United States",2022
"United States",2022
"Japan",2022
"Malaysia",2022
"United States",2022
"United States",2022
"United States",2022
"United States",2022
"United States",2022
"United States",2022
"United States",2022
"United States",2022
"United States",2022
"Brazil",2022
"Germany",2022
"United States",2022
"United States",2022
"United States",2022
"United States",2022
"United States",2022
"United States",2022
"Canada",2022
"United States",2022
"United States",2022
"United States",2022
"United States",2022
"United States",2022
"Germany",2022
"United States",2022
"United States",2022
"United States",2022
"United States",2022
"United States",2022
"Brazil",2022
"United States",2022
"Canada",2022
"United States",2022
"United States",2022
"United States",2022
"United States",2022
"United States",2022
"United States",2022
"Netherlands",2022
"Brazil",2022
"United States",2022
"United States",2022
"Canada",2022
"United States",2022
"United States",2022
"United States",2022
"United States",2022
"United States",2022
"United States",2022
"India",2022
"United States",2022
"India",2022
"Switzerland",2022
"United States",2022
"United States",2022
"Germany",2022
"Hong Kong",2022
"Germany",2022
"United States",2022
"Czechia",2022
"United States",2022
"United States",2022
"United States",2022
"United States",2022
"United States",2022
"United States",2022
"United States",2022
"United States",2022
"United States",2022
"United Kingdom",2022
"United States",2022
"United States",2022
"United States",2022
"United States",2022
"United States",2022
"United States",2022
"United States",2022
"United States",2022
"United States",2022
"Canada",2022
"United States",2022
"Canada",2022
"United States",2022
"United States",2022
"United States",2022
"United States",2022
"United States",2022
"United States",2022
"Germany",2022
"United States",2022
"United States",2022
"Egypt",2022
"Romania",2022
"United States",2022
"United States",2022
"United States",2022
"United States",2022
"Brazil",2022
"United States",2022
"United States",2022
"United States",2022
"United States",2022
"United States",2022
"United States",2022
"Australia",2022
"United States",2022
"United States",2022
"United States",2022
"United States",2022
"United States",2022
"United States",2022
"United States",2022
"Portugal",2022
"United States",2022
"United Kingdom",2022
"Chile",2022
"Hong Kong",2022
"Russia",2022
"United States",2022
"United States",2022
"United States",2022
"United States",2022
"United States",2022
"United States",2022
"United States",2022
"United States",2022
"United States",2022
"United States",2022
"Germany",2022
"United States",2022
"United States",2022
"Canada",2022
"United States",2022
"United States",2022
"Canada",2022
"United States",2022
"Germany",2022
"United States",2022
"United States",2022
"United States",2022
"United States",2022
"United States",2022
"Australia",2022
"United States",2022
"United States",2022
"Germany",2022
"United States",2022
"United States",2022
"Israel",2022
"Germany",2022
"United States",2022
"Netherlands",2022
"United Kingdom",2022
"United States",2022
"Canada",2022
"United States",2022
"United States",2022
"United States",2022
"Pakistan",2022
"Iran",2022
"United States",2022
"United States",2022
"United States",2022
"United States",2022
"United States",2022
"United States",2022
"United States",2022
"Pakistan",2022
"Canada",2022
"United States",2022
"Belgium",2022
"United States",2022
"United States",2022
"United States",2022
"United States",2022
"United States",2022
"Germany",2022
"Estonia",2022
"Canada",2022
"United Kingdom",2022
"United States",2022
"United States",2022
"United States",2022
"United States",2022
"United States",2022
"United States",2022
"United States",2022
"United States",2022
"United States",2022
"United States",2022
"United States",2022
"United States",2022
"United States",2022
"Canada",2022
"United States",2022
"Thailand",2022
"United States",2022
"United States",2022
"United States",2022
"Canada",2022
"United States",2022
"Spain",2022
"United States",2022
"United Kingdom",2022
"United States",2022
"India",2022
"Kenya",2022
"India",2022
"United States",2022
"Switzerland",2022
"Switzerland",2022
"United States",2022
"Philippines",2022
"United States",2022
"United States",2022
"Russia",2022
"Nigeria",2022
"Qatar",2022
"India",2022
"Germany",2022
"Iraq",2022
"Italy",2022
"India",2022
"Turkey",2022
"Switzerland",2022
"United States",2022
"United States",2022
"Brazil",2022
"United States",2022
"United States",2022
"United States",2022
"Poland",2022
"United States",2022
"United States",2022
"United States",2022
"United Kingdom",2022
"United States",2022
"United States",2022
"United States",2022
"United States",2022
"Brazil",2022
"Japan",2022
"Netherlands",2022
"Canada",2022
"United States",2022
"Australia",2022
"Australia",2022
"United States",2022
"United States",2022
"United Kingdom",2022
"United States",2022
"United States",2022
"United States",2022
"United States",2022
"United States",2022
"Canada",2022
"United States",2022
"United States",2022
"Singapore",2022
"United States",2022
"Ghana",2022
"United States",2022
"Indonesia",2022
"United States",2022
"Australia",2022
"Indonesia",2022
"United States",2022
"United States",2022
"Turkey",2022
"Switzerland",2022
"United Kingdom",2022
"United Kingdom",2022
"United Kingdom",2022
"Czechia",2022
"United Kingdom",2022
"United Kingdom",2022
"United Kingdom",2022
"United States",2022
"Greece",2022
"United States",2022
"Poland",2022
"Brazil",2022
"Poland",2022
"Canada",2022
"United States",2022
"Argentina",2022
"Ireland",2022
"United States",2022
"United States",2022
"United States",2022
"Brazil",2022
"United States",2022
"United States",2022
"United States",2022
"United Kingdom",2022
"Spain",2022
"United States",2022
"United States",2022
"Brazil",2022
"United States",2022
"United States",2022
"Brazil",2022
"United States",2022
"United States",2022
"United States",2022
"United States",2022
"United States",2022
"United States",2022
"United States",2022
"United States",2022
"United States",2022
"United States",2022
"United States",2022
"Canada",2022
"United States",2022
"United States",2022
"Canada",2022
"United States",2022
"United States",2022
"United States",2022
"United States",2022
"India",2022
"United States",2022
"United States",2022
"United States",2022
"United States",2022
"United Kingdom",2022
"United States",2022
"United States",2022
"United States",2022
"United States",2022
"United States",2022
"United States",2022
"United States",2022
"United States",2022
"Brazil",2022
"United States",2022
"United States",2022
"United States",2022
"United States",2022
"United States",2022
"United States",2022
"United States",2022
"Canada",2022
"United States",2022
"United States",2022
"United States",2022
"United States",2022
"United States",2022
"United States",2022
"United States",2022
"United States",2022
"United States",2022
"Russia",2022
"United Kingdom",2022
"United States",2022
"United States",2022
"United States",2022
"United States",2022
"United States",2022
"United States",2022
"United States",2022
"United States",2022
"United States",2022
"United States",2022
"United States",2022
"United States",2022
"United States",2022
"Switzerland",2022
"United States",2022
"United States",2022
"United States",2022
"United States",2022
"United States",2022
"United States",2022
"United States",2022
"United States",2022
"United States",2022
"United States",2022
"United States",2022
"United States",2022
"United States",2022
"United States",2022
"Canada",2022
"United States",2022
"United States",2022
"United States",2022
"Canada",2022
"Mexico",2022
"United States",2022
"United States",2022
"United States",2022
"United States",2022
"United States",2022
"United States",2022
"United States",2022
"United States",2022
"United States",2022
"United States",2022
"United States",2022
"United States",2022
"United States",2022
"United States",2022
"United States",2022
"United States",2022
"United States",2022
"United States",2022
"United States",2022
"United States",2022
"United States",2022
"United States",2022
"United States",2022
"Canada",2022
"United States",2022
"Canada",2022
"United States",2022
"United States",2022
"United States",2022
"United States",2022
"United States",2022
"United States",2022
"United States",2022
"United States",2022
"United States",2022
"United States",2022
"United States",2022
"United States",2022
"Australia",2022
"United States",2022
"United States",2022
"Canada",2022
"United States",2022
"United States",2022
"United States",2022
"United States",2022
"United States",2022
"United States",2022
"United States",2022
"United States",2022
"United States",2022
"United States",2022
"United States",2022
"United States",2022
"United States",2022
"United States",2022
"United States",2022
"Canada",2022
"United States",2022
"United States",2022
"United States",2022
"United Kingdom",2022
"United States",2022
"United States",2022
"Japan",2022
"United States",2022
"United States",2022
"United States",2022
"United States",2022
"United States",2022
"United States",2022
"Germany",2022
"United States",2022
"United States",2022
"United States",2022
"United States",2022
"United States",2022
"Australia",2022
"United States",2022
"India",2022
"United States",2022
"United States",2022
"United States",2022
"United States",2022
"Canada",2022
"United States",2022
"Canada",2022
"United States",2022
"India",2022
"United States",2022
"United States",2022
"United States",2022
"United States",2022
"United States",2022
"United States",2022
"United States",2022
"United States",2022
"United States",2022
"United States",2022
"United States",2022
"United States",2022
"United States",2022
"United States",2022
"South Korea",2022
"United States",2022
"United States",2022
"Singapore",2022
"United States",2022
"United States",2022
"Singapore",2022
"United States",2022
"India",2022
"United States",2022
"Sweden",2022
"United States",2022
"United States",2022
"United States",2022
"United States",2022
"India",2022
"Netherlands",2022
"United States",2022
"South Korea",2022
"United States",2022
"United States",2022
"United States",2022
"Estonia",2022
"United States",2022
"United States",2022
"India",2022
"Canada",2022
"United States",2022
"India",2022
"United States",2022
"Canada",2022
"United Arab Emirates",2022
"Germany",2022
"France",2022
"Israel",2022
"United States",2022
"Israel",2022
"Germany",2022
"China",2022
"United States",2022
"United States",2022
"Turkey",2022
"Turkey",2022
"Finland",2022
"United States",2022
"India",2022
"Sweden",2022
"Sweden",2022
"Netherlands",2022
"Netherlands",2022
"Canada",2022
"United Kingdom",2022
"France",2022
"Germany",2022
"United Kingdom",2022
"Germany",2022
"Germany",2022
"Turkey",2022
"Greece",2022
"Portugal",2022
"United Kingdom",2022
"United Kingdom",2022
"Switzerland",2022
"United Kingdom",2022
"Hungary",2022
"United States",2022
"Greece",2022
"Lithuania",2022
"Canada",2022
"United States",2022
"United States",2022
"United States",2022
"Hungary",2022
"Czechia",2022
"United States",2022
"United States",2022
"United States",2022
"United States",2022
"United States",2022
"United States",2022
"United States",2022
"Canada",2022
"United States",2022
"Switzerland",2022
"Germany",2022
"Germany",2022
"United States",2022
"Australia",2022
"United States",2022
"United States",2022
"United States",2022
"United States",2022
"Canada",2022
"United States",2022
"United States",2022
"United States",2022
"United States",2022
"United States",2022
"United States",2022
"United States",2022
"United States",2022
"United States",2022
"Nigeria",2022
"United States",2022
"United States",2022
"United States",2022
"United States",2022
"United States",2022
"United States",2022
"United States",2022
"Switzerland",2022
"Germany",2022
"Switzerland",2022
"United States",2022
"United Kingdom",2022
"Switzerland",2022
"United States",2022
"Croatia",2022
"United States",2022
"United States",2022
"United States",2022
"Puerto Rico",2022
"Germany",2022
"United States",2022
"United States",2022
"United States",2022
"United States",2022
"Montenegro",2022
"United States",2022
"United States",2022
"United States",2022
"Netherlands",2022
"United States",2022
"United States",2022
"United States",2022
"United States",2022
"United States",2022
"United States",2022
"Turkey",2022
"United States",2022
"United States",2022
"United States",2022
"United States",2022
"United States",2022
"United States",2022
"United States",2022
"United States",2022
"Germany",2022
"United States",2022
"Canada",2022
"United States",2022
"United States",2022
"United States",2022
"United States",2022
"United States",2022
"United States",2022
"Canada",2022
"Austria",2022
"United States",2022
"United Kingdom",2022
"United States",2022
"United States",2022
"United States",2022
"Canada",2022
"United States",2022
"United States",2022
"United States",2022
"United States",2022
"Switzerland",2022
"United States",2022
"United States",2022
"United States",2022
"United States",2022
"United States",2022
"United States",2022
"Norway",2022
"United States",2022
"Canada",2022
"United States",2022
"United States",2022
"Germany",2022
"United States",2022
"Canada",2022
"United States",2022
"United States",2022
"Canada",2022
"Slovakia",2022
"Iran",2022
"United States",2022
"Germany",2022
"United States",2022
"United States",2022
"United States",2022
"Switzerland",2022
"United States",2022
"United States",2022
"United States",2022
"United States",2022
"Pakistan",2022
"United States",2022
"Czechia",2022
"United States",2022
"Brazil",2022
"United States",2022
"United Kingdom",2022
"Brazil",2022
"United States",2022
"Hungary",2022
"United States",2022
"United States",2022
"United States",2022
"United States",2022
"United States",2022
"United States",2022
"United Kingdom",2022
"United States",2022
"Brazil",2022
"United States",2022
"United States",2022
"United States",2022
"United States",2022
"United States",2022
"United States",2022
"United States",2022
"United States",2022
"United States",2022
"United States",2022
"France",2022
"United States",2022
"United States",2022
"United States",2022
"India",2022
"United States",2022
"United States",2022
"United States",2022
"United States",2022
"Canada",2022
"United States",2022
"United States",2022
"Switzerland",2022
"United States",2022
"United States",2022
"United States",2022
"United States",2022
"United States",2022
"United States",2022
"United States",2022
"Brazil",2022
"Croatia",2022
"United States",2022
"United States",2022
"United States",2022
"United States",2022
"United States",2022
"Italy",2022
"United States",2022
"India",2022
"United States",2022
"United States",2022
"Canada",2022
"United States",2022
"United States",2022
"United States",2022
"United States",2022
"United States",2022
"United States",2022
"United States",2022
"United Kingdom",2022
"Denmark",2022
"Canada",2022
"United States",2022
"Canada",2022
"United States",2022
"United States",2022
"United States",2022
"Canada",2022
"United States",2022
"United States",2022
"United States",2022
"United States",2022
"United States",2022
"United States",2022
"United States",2022
"United States",2022
"United States",2022
"New Zealand",2022
"United States",2022
"United States",2022
"United States",2022
"France",2022
"United States",2022
"United States",2022
"Switzerland",2022
"United States",2022
"United States",2022
"United States",2022
"United States",2022
"United States",2022
"United States",2022
"Switzerland",2022
"United States",2022
"United States",2022
"United Kingdom",2022
"United Arab Emirates",2022
"United States",2022
"United States",2022
"United States",2022
"United States",2022
"United States",2022
"United States",2022
"Poland",2022
"United States",2022
"United States",2022
"United States",2022
"United States",2022
"United States",2022
"Czechia",2022
"Peru",2022
"United States",2022
"United Kingdom",2022
"United States",2022
"Montenegro",2022
"Peru",2022
"United States",2022
"United States",2022
"United States",2022
"United States",2022
"Canada",2022
"Peru",2022
"United States",2022
"United States",2022
"United States",2022
"United States",2022
"United States",2022
"United States",2022
"United States",2022
"United States",2022
"United States",2022
"Canada",2022
"United States",2022
"Japan",2022
"Germany",2022
"United States",2022
"Japan",2022
"United States",2022
"United States",2022
"United States",2022
"United States",2022
"United States",2022
"United States",2022
"United States",2022
"United States",2022
"United States",2022
"United States",2022
"United States",2022
"United States",2022
"United States",2022
"United States",2022
"United States",2022
"United States",2022
"United States",2022
"United States",2022
"United States",2022
"United States",2022
"United States",2022
"United States",2022
"United States",2022
"Singapore",2022
"United States",2022
"Canada",2022
"United States",2022
"Australia",2022
"Australia",2022
"Hong Kong",2022
"Hong Kong",2022
"United States",2022
"United States",2022
"United States",2022
"United States",2022
"United States",2022
"United States",2022
"Vietnam",2022
"China",2022
"United States",2022
"Mexico",2022
"United States",2022
"Singapore",2022
"United States",2022
"Colombia",2022
"United States",2022
"South Korea",2022
"United States",2022
"Hong Kong",2022
"United States",2022
"United States",2022
"United States",2022
"United States",2022
"United States",2022
"United States",2022
"Pakistan",2022
"Australia",2022
"United States",2022
"United States",2022
"United States",2022
"United States",2022
"Ecuador",2022
"United States",2022
"United States",2022
"United States",2022
"Canada",2022
"United States",2022
"United States",2022
"China",2022
"Singapore",2022
"United States",2022
"United States",2022
"United States",2022
"United States",2022
"Lithuania",2022
"Switzerland",2022
"Germany",2022
"Hungary",2022
"Spain",2022
"Belgium",2022
"India",2022
"United States",2022
"Ireland",2022
"United Kingdom",2022
"India",2022
"Armenia",2022
"Germany",2022
"Switzerland",2022
"Czechia",2022
"Portugal",2022
"Germany",2022
"United States",2022
"Russia",2022
"Poland",2022
"United Kingdom",2022
"Spain",2022
"Germany",2022
"Poland",2022
"Hungary",2022
"United States",2022
"United Kingdom",2022
"United States",2022
"United Kingdom",2022
"United States",2022
"Ireland",2022
"United Kingdom",2022
"Germany",2022
"United States",2022
"Brazil",2022
"Czechia",2022
"India",2022
"United States",2022
"United States",2022
"United States",2022
"United States",2022
"Brazil",2022
"United States",2022
"United Kingdom",2022
"Brazil",2022
"United States",2022
"Russia",2022
"United States",2022
"United States",2022
"United States",2022
"United States",2022
"United States",2022
"Turkey",2022
"United States",2022
"United States",2022
"United Kingdom",2022
"United States",2022
"Switzerland",2022
"United States",2022
"United States",2022
"France",2022
"Canada",2022
"United States",2022
"Switzerland",2022
"United States",2022
"United States",2022
"United States",2022
"Germany",2022
"United States",2022
"United States",2022
"United States",2022
"Poland",2022
"United States",2022
"Armenia",2022
"Brazil",2022
"United States",2022
"United States",2022
"Germany",2022
"United States",2022
"France",2022
"Germany",2022
"United States",2022
"United States",2022
"United States",2022
"United States",2022
"United States",2022
"Brazil",2022
"United States",2022
"United States",2022
"United States",2022
"United States",2022
"Canada",2022
"Switzerland",2022
"United Kingdom",2022
"United States",2022
"United States",2022
"Germany",2022
"United States",2022
"Germany",2022
"Canada",2022
"United States",2022
"United States",2022
"United States",2022
"United States",2022
"Switzerland",2022
"United States",2022
"United States",2022
"United States",2022
"United States",2022
"Canada",2022
"United States",2022
"United States",2022
"United States",2022
"United States",2022
"United States",2022
"United States",2022
"India",2022
"Ireland",2022
"United States",2022
"United States",2022
"Germany",2022
"United States",2022
"United States",2022
"United States",2022
"United States",2022
"Argentina",2022
"United States",2022
"Brazil",2022
"Sweden",2022
"United States",2022
"United States",2022
"United States",2022
"United States",2022
"Spain",2022
"United States",2022
"United States",2022
"United States",2022
"United States",2022
"United States",2022
"United States",2022
"United States",2022
"United States",2022
"United States",2022
"United States",2022
"United States",2022
"United States",2022
"United States",2022
"Netherlands",2022
"Italy",2022
"United States",2022
"South Korea",2022
"United Kingdom",2022
"United States",2022
"United States",2022
"United States",2022
"United States",2022
"Switzerland",2022
"United States",2022
"United States",2022
"United States",2022
"United States",2022
"India",2022
"United States",2022
"United States",2022
"United States",2022
"United States",2022
"United States",2022
"United States",2022
"United States",2022
"United States",2022
"Portugal",2022
"United States",2022
"United States",2022
"United States",2022
"United States",2022
"United States",2022
"United States",2022
"United States",2022
"United States",2022
"Brazil",2022
"United States",2022
"Canada",2022
"Colombia",2022
"Brazil",2022
"United States",2022
"United States",2022
"United States",2022
"United States",2022
"United States",2022
"United States",2022
"United States",2022
"United States",2022
"United States",2022
"United States",2022
"United States",2022
"United States",2022
"United States",2022
"United States",2022
"United States",2022
"United States",2022
"United States",2022
"United States",2022
"United States",2022
"United States",2022
"United States",2022
"United States",2022
"Cyprus",2022
"United States",2022
"United States",2022
"United States",2022
"United States",2022
"Israel",2022
"Japan",2022
"United States",2022
"United States",2022
"United States",2022
"United States",2022
"United States",2022
"United States",2022
"United States",2022
"United States",2022
"Mexico",2022
"United States",2022
"United States",2022
"Nigeria",2022
"United States",2022
"United States",2022
"United States",2022
"Ireland",2022
"United States",2022
"United States",2022
"Brazil",2022
"United States",2022
"United States",2022
"United States",2022
"United States",2022
"United States",2022
"United States",2022
"United States",2022
"United States",2022
"Bulgaria",2022
"United States",2022
"United States",2022
"United States",2022
"United States",2022
"United States",2022
"United States",2022
"United States",2022
"Canada",2022
"United States",2022
"United States",2022
"United States",2022
"United States",2022
"United States",2022
"United States",2022
"France",2022
"United States",2022
"United States",2022
"United States",2022
"United States",2022
"United States",2022
"United States",2022
"United States",2022
"United States",2022
"United States",2022
"United States",2022
"United States",2022
"United States",2022
"United States",2022
"United States",2022
"United States",2022
"United States",2022
"United States",2022
"Turkey",2022
"United States",2022
"United States",2022
"United States",2022
"United States",2022
"United States",2022
"United States",2022
"United States",2022
"Turkey",2022
"United States",2022
"United States",2022
"United States",2022
"United States",2022
"United States",2022
"United States",2022
"United States",2022
"United States",2022
"United States",2022
"United States",2022
"Canada",2022
"United States",2022
"Poland",2022
"United States",2022
"United States",2022
"Brazil",2022
"United States",2022
"United States",2022
"United States",2022
"United States",2022
"South Korea",2022
"United States",2022
"Brazil",2022
"United States",2022
"United States",2022
"United States",2022
"United States",2022
"United Kingdom",2022
"United States",2022
"United States",2022
"United States",2022
"United States",2022
"United States",2022
"United States",2022
"United States",2022
"United States",2022
"United States",2022
"United States",2022
"United States",2022
"United States",2022
"United States",2022
"United States",2022
"United States",2022
"Colombia",2022
"Czechia",2022
"United States",2022
"United States",2022
"United States",2022
"United States",2022
"United Kingdom",2022
"United States",2022
"United States",2022
"Brazil",2022
"United States",2022
"Brazil",2022
"United States",2022
"United States",2022
"United States",2022
"United States",2022
"United States",2022
"United States",2022
"United States",2022
"United Kingdom",2022
"United States",2022
"United Kingdom",2022
"United States",2022
"United States",2022
"United States",2022
"United States",2022
"United States",2022
"United States",2022
"Netherlands",2022
"United States",2022
"United States",2022
"United States",2022
"United States",2022
"Germany",2022
"United States",2022
"Canada",2022
"United States",2022
"United States",2022
"United States",2022
"United States",2022
"United States",2022
"United States",2022
"Brazil",2022
"United Kingdom",2022
"Brazil",2022
"South Korea",2022
"India",2022
"Mexico",2022
"United States",2022
"France",2022
"United States",2022
"United States",2022
"United States",2022
"United States",2022
"United States",2022
"Germany",2022
"United States",2022
"United States",2022
"United States",2022
"United States",2022
"United States",2022
"United States",2022
"United States",2022
"United States",2022
"United States",2022
"United States",2022
"United States",2022
"United States",2022
"United States",2022
"Brazil",2022
"United States",2022
"United States",2022
"United States",2022
"United States",2022
"United States",2022
"United States",2022
"United States",2022
"United States",2022
"United States",2022
"Canada",2022
"United States",2022
"United States",2022
"United States",2022
"United States",2022
"United States",2022
"United States",2022
"United States",2022
"United States",2022
"Brazil",2022
"United States",2022
"United States",2022
"United States",2022
"United States",2022
"United States",2022
"United States",2022
"Brazil",2022
"United States",2022
"United States",2022
"Russia",2022
"France",2022
"United States",2022
"United States",2022
"Denmark",2022
"United States",2022
"United States",2022
"United States",2022
"Czechia",2022
"United States",2022
"United States",2022
"United States",2022
"United States",2022
"Canada",2022
"United States",2022
"United States",2022
"Brazil",2022
"United States",2022
"United States",2022
"United States",2022
"Singapore",2022
"United States",2022
"United States",2022
"United States",2022
"Canada",2022
"United States",2022
"Canada",2022
"United States",2022
"Lithuania",2022
"United States",2022
"United States",2022
"United States",2022
"United States",2022
"United States",2022
"United States",2022
"United States",2022
"United States",2022
"Nigeria",2022
"United States",2022
"United States",2022
"Canada",2022
"United States",2022
"Canada",2022
"United States",2022
"United States",2022
"United States",2022
"Malta",2022
"United States",2022
"United States",2022
"United States",2022
"India",2022
"United States",2022
"United States",2022
"United States",2022
"United States",2022
"Canada",2022
"United States",2022
"Nigeria",2022
"United States",2022
"United States",2022
"United States",2022
"Canada",2022
"Germany",2022
"United States",2022
"United States",2022
"United States",2022
"United States",2022
"United States",2022
"United States",2022
"United States",2022
"United States",2022
"United States",2022
"Canada",2022
"United States",2022
"United States",2022
"United States",2022
"United States",2022
"United States",2022
"United States",2022
"Germany",2022
"United States",2022
"United States",2022
"United States",2022
"United States",2022
"United States",2022
"United States",2022
"United States",2022
"United States",2022
"Germany",2022
"Brazil",2022
"United States",2022
"United States",2022
"United States",2022
"United States",2022
"United States",2022
"Canada",2022
"United States",2022
"United States",2022
"United States",2022
"Malaysia",2022
"United States",2022
"United States",2022
"Spain",2022
"United States",2022
"United States",2022
"United States",2022
"United States",2022
"Germany",2022
"United States",2022
"United States",2022
"United States",2022
"Brazil",2022
"United States",2022
"United States",2022
"United States",2022
"Brazil",2022
"Serbia",2022
"United States",2022
"United States",2022
"Czechia",2022
"United States",2022
"United States",2022
"United States",2022
"United States",2022
"Canada",2022
"United Kingdom",2022
"United States",2022
"United States",2022
"United States",2022
"United States",2022
"United Kingdom",2022
"United States",2022
"United States",2022
"United States",2022
"Argentina",2022
"Portugal",2022
"United States",2022
"United States",2022
"United States",2022
"United States",2022
"United States",2022
"Hong Kong",2022
"United States",2022
"United States",2022
"Canada",2022
"Switzerland",2022
"United States",2022
"Canada",2022
"United States",2022
"United States",2022
"United States",2022
"United States",2022
"United States",2022
"United States",2022
"United States",2022
"Poland",2022
"New Zealand",2022
"Germany",2022
"United States",2022
"United States",2022
"Brazil",2022
"United States",2022
"United States",2022
"United States",2022
"United Kingdom",2022
"United States",2022
"United States",2022
"Canada",2022
"United States",2022
"United States",2022
"Canada",2022
"Portugal",2022
"Canada",2022
"United States",2022
"United States",2022
"United States",2022
"Philippines",2022
"United States",2022
"United States",2022
"United States",2022
"United States",2022
"United States",2022
"United States",2022
"United States",2022
"United States",2022
"Canada",2022
"United States",2022
"United States",2022
"United States",2022
"United States",2022
"United States",2022
"United States",2022
"United States",2022
"Spain",2022
"United States",2022
"India",2022
"United States",2022
"United States",2022
"United States",2022
"United States",2022
"United States",2022
"United States",2022
"United States",2022
"United States",2022
"Australia",2022
"United States",2022
"Australia",2022
"United States",2022
"Singapore",2022
"Australia",2022
"United States",2022
"Australia",2022
"United States",2022
"Germany",2022
"Hong Kong",2022
"United States",2022
"United States",2022
"Brazil",2022
"United States",2022
"Canada",2022
"United States",2022
"United States",2022
"United States",2022
"United States",2022
"United States",2022
"United States",2022
"United States",2022
"United States",2022
"Italy",2022
"United States",2022
"United States",2022
"Portugal",2022
"Malaysia",2022
"United Kingdom",2022
"Turkey",2022
"Germany",2022
"Singapore",2022
"Vietnam",2022
"Vietnam",2022
"Vietnam",2022
"Vietnam",2022
"Germany",2022
"Vietnam",2022
"Vietnam",2022
"Vietnam",2022
"Vietnam",2022
"United States",2022
"Vietnam",2022
"Vietnam",2022
"Japan",2022
"Vietnam",2022
"Vietnam",2022
"Vietnam",2022
"Vietnam",2022
"Vietnam",2022
"Armenia",2022
"Netherlands",2022
"Vietnam",2022
"Serbia",2022
"Vietnam",2022
"Israel",2022
"Vietnam",2022
"Vietnam",2022
"Vietnam",2022
"Singapore",2022
"Vietnam",2022
"Vietnam",2022
"Vietnam",2022
"Vietnam",2022
"Belgium",2022
"Vietnam",2022
"Vietnam",2022
"Vietnam",2022
"Hungary",2022
"Hungary",2022
"United Kingdom",2022
"United Kingdom",2022
"Vietnam",2022
"Vietnam",2022
"United States",2022
"United States",2022
"Netherlands",2022
"Vietnam",2022
"United States",2022
"France",2022
"Hong Kong",2022
"Turkey",2022
"Vietnam",2022
"United Kingdom",2022
"Brazil",2022
"United States",2022
"United States",2022
"Vietnam",2022
"Vietnam",2022
"United States",2022
"South Korea",2022
"Greece",2022
"Vietnam",2022
"United States",2022
"United States",2022
"Canada",2022
"Canada",2022
"Colombia",2022
"United States",2022
"United States",2022
"Vietnam",2022
"United States",2022
"United States",2022
"United States",2022
"United States",2022
"Canada",2022
"United States",2022
"Vietnam",2022
"United States",2022
"Canada",2022
"United States",2022
"United States",2022
"United States",2022
"Canada",2022
"United States",2022
"United States",2022
"United States",2022
"United States",2022
"United Kingdom",2022
"United States",2022
"United States",2022
"United States",2022
"United States",2022
"United States",2022
"United States",2022
"United States",2022
"United States",2022
"Vietnam",2022
"Italy",2022
"Canada",2022
"United States",2022
"United States",2022
"United States",2022
"United States",2022
"United States",2022
"United States",2022
"South Korea",2022
"Nigeria",2022
"United States",2022
"United States",2022
"United States",2022
"United States",2022
"Netherlands",2022
"United States",2022
"Canada",2022
"United States",2022
"India",2022
"United States",2022
"United States",2022
"United States",2022
"United States",2022
"United States",2022
"United States",2022
"United States",2022
"United States",2022
"United States",2022
"United Kingdom",2022
"United States",2022
"United States",2022
"United States",2022
"Vietnam",2022
"United States",2022
"United States",2022
"United States",2022
"United States",2022
"Qatar",2022
"Vietnam",2022
"United States",2022
"United States",2022
"United States",2022
"Canada",2022
"Austria",2022
"Russia",2022
"United States",2022
"Uzbekistan",2022
"United States",2022
"United States",2022
"United States",2022
"United States",2022
"United States",2022
"United States",2022
"United States",2022
"United States",2022
"United States",2022
"United States",2022
"United States",2022
"United States",2022
"United States",2022
"United States",2022
"United States",2022
"United States",2022
"United States",2022
"United States",2022
"United States",2022
"United States",2022
"United States",2022
"United States",2022
"United States",2022
"United States",2022
"United States",2022
"United States",2022
"United States",2022
"United States",2022
"United States",2022
"United States",2022
"United States",2022
"United States",2022
"United States",2022
"United States",2022
"United States",2022
"Vietnam",2022
"United States",2022
"United States",2022
"Israel",2022
"United States",2022
"Canada",2022
"Canada",2022
"United States",2022
"Japan",2022
"United States",2022
"United States",2022
"United States",2022
"Brazil",2022
"United States",2022
"United States",2022
"United States",2022
"United States",2022
"Sweden",2022
"United States",2022
"France",2022
"United States",2022
"United States",2022
"United States",2022
"United States",2022
"Netherlands",2023
"United States",2023
"Argentina",2023
"Argentina",2023
"Argentina",2023
"Argentina",2023
"Argentina",2023
"Argentina",2023
"Argentina",2023
"Argentina",2023
"Argentina",2023
"Argentina",2023
"Argentina",2023
"Argentina",2023
"Argentina",2023
"Argentina",2023
"Argentina",2023
"Argentina",2023
"Armenia",2023
"Armenia",2023
"Armenia",2023
"Armenia",2023
"Armenia",2023
"Australia",2023
"Australia",2023
"Australia",2023
"Australia",2023
"Australia",2023
"Australia",2023
"Australia",2023
"Australia",2023
"Australia",2023
"Australia",2023
"Australia",2023
"Australia",2023
"Australia",2023
"Australia",2023
"Australia",2023
"Australia",2023
"Australia",2023
"Australia",2023
"Australia",2023
"Australia",2023
"Australia",2023
"Australia",2023
"Australia",2023
"Australia",2023
"Australia",2023
"Australia",2023
"Australia",2023
"Australia",2023
"Australia",2023
"Austria",2023
"Austria",2023
"Austria",2023
"Austria",2023
"Azerbaijan",2023
"Bangladesh",2023
"Belgium",2023
"Belgium",2023
"Belgium",2023
"Belgium",2023
"Belgium",2023
"Belgium",2023
"Brazil",2023
"Brazil",2023
"Brazil",2023
"Brazil",2023
"Brazil",2023
"Brazil",2023
"Brazil",2023
"Brazil",2023
"Brazil",2023
"Brazil",2023
"Brazil",2023
"Brazil",2023
"Brazil",2023
"Brazil",2023
"Brazil",2023
"Brazil",2023
"Brazil",2023
"Brazil",2023
"Brazil",2023
"Brazil",2023
"Brazil",2023
"Brazil",2023
"Brazil",2023
"Brazil",2023
"Brazil",2023
"Brazil",2023
"Brazil",2023
"Brazil",2023
"Brazil",2023
"Brazil",2023
"Brazil",2023
"Brazil",2023
"Brazil",2023
"Brazil",2023
"Brazil",2023
"Brazil",2023
"Brazil",2023
"Brazil",2023
"Brazil",2023
"Brazil",2023
"Brazil",2023
"Brazil",2023
"Brazil",2023
"Brazil",2023
"Brazil",2023
"Brazil",2023
"Brazil",2023
"Brazil",2023
"Brazil",2023
"Brazil",2023
"Brazil",2023
"Brazil",2023
"Brazil",2023
"Brazil",2023
"Brazil",2023
"Brazil",2023
"Brazil",2023
"Brazil",2023
"Brazil",2023
"Brazil",2023
"Brazil",2023
"Brazil",2023
"Brazil",2023
"Brazil",2023
"Brazil",2023
"Brazil",2023
"Brazil",2023
"Brazil",2023
"Brazil",2023
"Brazil",2023
"Brazil",2023
"Brazil",2023
"Brazil",2023
"Brazil",2023
"Bulgaria",2023
"Canada",2023
"Canada",2023
"Canada",2023
"Canada",2023
"Canada",2023
"Canada",2023
"Canada",2023
"Canada",2023
"Canada",2023
"Canada",2023
"Canada",2023
"Canada",2023
"Canada",2023
"Canada",2023
"Canada",2023
"Canada",2023
"Canada",2023
"Canada",2023
"Canada",2023
"Canada",2023
"Canada",2023
"Canada",2023
"Canada",2023
"Canada",2023
"Canada",2023
"Canada",2023
"Canada",2023
"Canada",2023
"Canada",2023
"Canada",2023
"Canada",2023
"Canada",2023
"Canada",2023
"Canada",2023
"Canada",2023
"Canada",2023
"Canada",2023
"Canada",2023
"Canada",2023
"Canada",2023
"Canada",2023
"Canada",2023
"Canada",2023
"Canada",2023
"Canada",2023
"Canada",2023
"Canada",2023
"Canada",2023
"Canada",2023
"Canada",2023
"Canada",2023
"Canada",2023
"Canada",2023
"Canada",2023
"Canada",2023
"Canada",2023
"Canada",2023
"Canada",2023
"Canada",2023
"Canada",2023
"Canada",2023
"Canada",2023
"Canada",2023
"Canada",2023
"Canada",2023
"Canada",2023
"Canada",2023
"Canada",2023
"Canada",2023
"Canada",2023
"Canada",2023
"Canada",2023
"Canada",2023
"Canada",2023
"Canada",2023
"Canada",2023
"Canada",2023
"Canada",2023
"Canada",2023
"Canada",2023
"Canada",2023
"Canada",2023
"Canada",2023
"Canada",2023
"Canada",2023
"Canada",2023
"Canada",2023
"Canada",2023
"Canada",2023
"Canada",2023
"Canada",2023
"Canada",2023
"Canada",2023
"Canada",2023
"Canada",2023
"Canada",2023
"Canada",2023
"Canada",2023
"Canada",2023
"Canada",2023
"Canada",2023
"Canada",2023
"Canada",2023
"Canada",2023
"Canada",2023
"Canada",2023
"Canada",2023
"Canada",2023
"Canada",2023
"Canada",2023
"Canada",2023
"Canada",2023
"Canada",2023
"Canada",2023
"Canada",2023
"Canada",2023
"Canada",2023
"Canada",2023
"Canada",2023
"Canada",2023
"Canada",2023
"Canada",2023
"Canada",2023
"Canada",2023
"Canada",2023
"Canada",2023
"Canada",2023
"Canada",2023
"Canada",2023
"Canada",2023
"Canada",2023
"Canada",2023
"Canada",2023
"Canada",2023
"Canada",2023
"Canada",2023
"Canada",2023
"Canada",2023
"Canada",2023
"Canada",2023
"Canada",2023
"Canada",2023
"Canada",2023
"Canada",2023
"Canada",2023
"Canada",2023
"Canada",2023
"Canada",2023
"Canada",2023
"Canada",2023
"Canada",2023
"Canada",2023
"Canada",2023
"Canada",2023
"Canada",2023
"Canada",2023
"Canada",2023
"Canada",2023
"Chile",2023
"Chile",2023
"China",2023
"China",2023
"China",2023
"China",2023
"Colombia",2023
"Colombia",2023
"Colombia",2023
"Colombia",2023
"Costa Rica",2023
"Costa Rica",2023
"Croatia",2023
"Croatia",2023
"Croatia",2023
"Cyprus",2023
"Czechia",2023
"Czechia",2023
"Czechia",2023
"Czechia",2023
"Czechia",2023
"Czechia",2023
"Czechia",2023
"Czechia",2023
"Czechia",2023
"Czechia",2023
"Czechia",2023
"Czechia",2023
"Denmark",2023
"Denmark",2023
"Denmark",2023
"Denmark",2023
"Denmark",2023
"Denmark",2023
"Denmark",2023
"Denmark",2023
"Denmark",2023
"Denmark",2023
"Denmark",2023
"Denmark",2023
"Egypt",2023
"Egypt",2023
"Estonia",2023
"Finland",2023
"Finland",2023
"Finland",2023
"Finland",2023
"Finland",2023
"Finland",2023
"Finland",2023
"Finland",2023
"Finland",2023
"Finland",2023
"Finland",2023
"Finland",2023
"France",2023
"France",2023
"France",2023
"France",2023
"France",2023
"France",2023
"France",2023
"France",2023
"France",2023
"France",2023
"France",2023
"France",2023
"France",2023
"France",2023
"France",2023
"France",2023
"France",2023
"France",2023
"France",2023
"France",2023
"Georgia",2023
"Georgia",2023
"Georgia",2023
"Georgia",2023
"Germany",2023
"Germany",2023
"Germany",2023
"Germany",2023
"Germany",2023
"Germany",2023
"Germany",2023
"Germany",2023
"Germany",2023
"Germany",2023
"Germany",2023
"Germany",2023
"Germany",2023
"Germany",2023
"Germany",2023
"Germany",2023
"Germany",2023
"Germany",2023
"Germany",2023
"Germany",2023
"Germany",2023
"Germany",2023
"Germany",2023
"Germany",2023
"Germany",2023
"Germany",2023
"Germany",2023
"Germany",2023
"Germany",2023
"Germany",2023
"Germany",2023
"Germany",2023
"Germany",2023
"Germany",2023
"Germany",2023
"Germany",2023
"Germany",2023
"Germany",2023
"Germany",2023
"Germany",2023
"Germany",2023
"Germany",2023
"Germany",2023
"Germany",2023
"Germany",2023
"Germany",2023
"Germany",2023
"Germany",2023
"Germany",2023
"Germany",2023
"Germany",2023
"Germany",2023
"Germany",2023
"Germany",2023
"Germany",2023
"Germany",2023
"Germany",2023
"Germany",2023
"Germany",2023
"Germany",2023
"Germany",2023
"Germany",2023
"Germany",2023
"Germany",2023
"Germany",2023
"Germany",2023
"Germany",2023
"Germany",2023
"Germany",2023
"Germany",2023
"Germany",2023
"Germany",2023
"Germany",2023
"Germany",2023
"Germany",2023
"Germany",2023
"Germany",2023
"Germany",2023
"Germany",2023
"Germany",2023
"Germany",2023
"Germany",2023
"Germany",2023
"Germany",2023
"Germany",2023
"Germany",2023
"Germany",2023
"Germany",2023
"Germany",2023
"Germany",2023
"Germany",2023
"Germany",2023
"Germany",2023
"Germany",2023
"Germany",2023
"Germany",2023
"Germany",2023
"Germany",2023
"Germany",2023
"Germany",2023
"Germany",2023
"Germany",2023
"Germany",2023
"Germany",2023
"Germany",2023
"Germany",2023
"Germany",2023
"Germany",2023
"Germany",2023
"Germany",2023
"Germany",2023
"Germany",2023
"Germany",2023
"Germany",2023
"Germany",2023
"Germany",2023
"Germany",2023
"Germany",2023
"Germany",2023
"Germany",2023
"Germany",2023
"Germany",2023
"Germany",2023
"Germany",2023
"Germany",2023
"Germany",2023
"Germany",2023
"Germany",2023
"Germany",2023
"Germany",2023
"Germany",2023
"Germany",2023
"Germany",2023
"Germany",2023
"Germany",2023
"Germany",2023
"Germany",2023
"Germany",2023
"Germany",2023
"Germany",2023
"Germany",2023
"Germany",2023
"Germany",2023
"Ghana",2023
"Greece",2023
"Greece",2023
"Greece",2023
"Greece",2023
"Greece",2023
"Greece",2023
"Greece",2023
"Greece",2023
"Greece",2023
"Greece",2023
"Hong Kong",2023
"Hong Kong",2023
"Hong Kong",2023
"Hong Kong",2023
"Hungary",2023
"Hungary",2023
"Hungary",2023
"Hungary",2023
"Hungary",2023
"Hungary",2023
"Hungary",2023
"Hungary",2023
"Hungary",2023
"Hungary",2023
"India",2023
"India",2023
"India",2023
"India",2023
"India",2023
"India",2023
"India",2023
"India",2023
"India",2023
"India",2023
"India",2023
"India",2023
"India",2023
"India",2023
"India",2023
"India",2023
"India",2023
"India",2023
"India",2023
"India",2023
"India",2023
"India",2023
"India",2023
"India",2023
"India",2023
"India",2023
"India",2023
"India",2023
"India",2023
"India",2023
"India",2023
"India",2023
"India",2023
"India",2023
"India",2023
"India",2023
"India",2023
"India",2023
"India",2023
"India",2023
"India",2023
"India",2023
"India",2023
"India",2023
"India",2023
"India",2023
"India",2023
"India",2023
"India",2023
"India",2023
"India",2023
"India",2023
"India",2023
"India",2023
"India",2023
"India",2023
"India",2023
"India",2023
"India",2023
"India",2023
"India",2023
"India",2023
"India",2023
"India",2023
"India",2023
"India",2023
"India",2023
"India",2023
"India",2023
"India",2023
"India",2023
"India",2023
"Indonesia",2023
"Indonesia",2023
"Indonesia",2023
"Indonesia",2023
"Indonesia",2023
"Indonesia",2023
"Indonesia",2023
"Indonesia",2023
"Indonesia",2023
"Indonesia",2023
"Iran",2023
"Iraq",2023
"Ireland",2023
"Ireland",2023
"Ireland",2023
"Ireland",2023
"Ireland",2023
"Ireland",2023
"Ireland",2023
"Ireland",2023
"Ireland",2023
"Ireland",2023
"Ireland",2023
"Ireland",2023
"Ireland",2023
"Ireland",2023
"Ireland",2023
"Israel",2023
"Israel",2023
"Israel",2023
"Israel",2023
"Israel",2023
"Israel",2023
"Israel",2023
"Israel",2023
"Israel",2023
"Israel",2023
"Italy",2023
"Italy",2023
"Italy",2023
"Italy",2023
"Italy",2023
"Italy",2023
"Italy",2023
"Italy",2023
"Italy",2023
"Italy",2023
"Italy",2023
"Italy",2023
"Italy",2023
"Italy",2023
"Italy",2023
"Italy",2023
"Italy",2023
"Italy",2023
"Italy",2023
"Italy",2023
"Japan",2023
"Japan",2023
"Japan",2023
"Japan",2023
"Japan",2023
"Japan",2023
"Japan",2023
"Japan",2023
"Japan",2023
"Japan",2023
"Japan",2023
"Japan",2023
"Japan",2023
"Japan",2023
"Japan",2023
"Japan",2023
"Japan",2023
"Japan",2023
"Japan",2023
"Japan",2023
"Japan",2023
"Japan",2023
"Japan",2023
"Japan",2023
"Japan",2023
"Japan",2023
"Japan",2023
"Japan",2023
"Japan",2023
"Jersey",2023
"Kazakhstan",2023
"Latvia",2023
"Latvia",2023
"Lebanon",2023
"Lithuania",2023
"Lithuania",2023
"Luxembourg",2023
"Malaysia",2023
"Malaysia",2023
"Malaysia",2023
"Malaysia",2023
"Malta",2023
"Mauritius",2023
"Mexico",2023
"Mexico",2023
"Mexico",2023
"Mexico",2023
"Mexico",2023
"Mexico",2023
"Montenegro",2023
"Netherlands",2023
"Netherlands",2023
"Netherlands",2023
"Netherlands",2023
"Netherlands",2023
"Netherlands",2023
"Netherlands",2023
"Netherlands",2023
"Netherlands",2023
"Netherlands",2023
"Netherlands",2023
"Netherlands",2023
"Netherlands",2023
"Netherlands",2023
"Netherlands",2023
"Netherlands",2023
"Netherlands",2023
"Netherlands",2023
"Netherlands",2023
"Netherlands",2023
"Netherlands",2023
"Netherlands",2023
"Netherlands",2023
"Netherlands",2023
"Netherlands",2023
"Netherlands",2023
"Netherlands",2023
"Netherlands",2023
"Netherlands",2023
"Netherlands",2023
"Netherlands",2023
"Netherlands",2023
"Netherlands",2023
"Netherlands",2023
"Netherlands",2023
"Netherlands",2023
"Netherlands",2023
"Netherlands",2023
"Netherlands",2023
"Netherlands",2023
"Netherlands",2023
"Netherlands",2023
"Netherlands",2023
"New Zealand",2023
"New Zealand",2023
"New Zealand",2023
"Nigeria",2023
"Nigeria",2023
"Nigeria",2023
"Nigeria",2023
"Nigeria",2023
"Norway",2023
"Norway",2023
"Norway",2023
"Norway",2023
"Pakistan",2023
"Pakistan",2023
"Pakistan",2023
"Peru",2023
"Peru",2023
"Philippines",2023
"Philippines",2023
"Philippines",2023
"Philippines",2023
"Philippines",2023
"Philippines",2023
"Philippines",2023
"Poland",2023
"Poland",2023
"Poland",2023
"Poland",2023
"Poland",2023
"Poland",2023
"Poland",2023
"Poland",2023
"Poland",2023
"Poland",2023
"Poland",2023
"Poland",2023
"Poland",2023
"Poland",2023
"Poland",2023
"Poland",2023
"Poland",2023
"Poland",2023
"Poland",2023
"Poland",2023
"Poland",2023
"Poland",2023
"Portugal",2023
"Portugal",2023
"Portugal",2023
"Portugal",2023
"Portugal",2023
"Portugal",2023
"Portugal",2023
"Portugal",2023
"Portugal",2023
"Portugal",2023
"Portugal",2023
"Portugal",2023
"Portugal",2023
"Portugal",2023
"Portugal",2023
"Portugal",2023
"Portugal",2023
"Portugal",2023
"Portugal",2023
"Qatar",2023
"Republic of Lithuania",2023
"Romania",2023
"Romania",2023
"Romania",2023
"Romania",2023
"Romania",2023
"Romania",2023
"Romania",2023
"Romania",2023
"Russia",2023
"Russia",2023
"Russia",2023
"Russia",2023
"Russia",2023
"Russia",2023
"Russia",2023
"Russia",2023
"Russia",2023
"Russia",2023
"Russia",2023
"Russia",2023
"Saudi Arabia",2023
"Saudi Arabia",2023
"Saudi Arabia",2023
"Serbia",2023
"Serbia",2023
"Serbia",2023
"Serbia",2023
"Serbia",2023
"Serbia",2023
"Singapore",2023
"Singapore",2023
"Singapore",2023
"Singapore",2023
"Singapore",2023
"Singapore",2023
"Singapore",2023
"Singapore",2023
"Singapore",2023
"Singapore",2023
"Singapore",2023
"Singapore",2023
"Singapore",2023
"Singapore",2023
"Singapore",2023
"Singapore",2023
"Singapore",2023
"Singapore",2023
"Singapore",2023
"Slovenia",2023
"South Africa",2023
"South Africa",2023
"South Korea",2023
"South Korea",2023
"South Korea",2023
"South Korea",2023
"South Korea",2023
"South Korea",2023
"South Korea",2023
"South Korea",2023
"South Korea",2023
"South Korea",2023
"South Korea",2023
"South Korea",2023
"Spain",2023
"Spain",2023
"Spain",2023
"Spain",2023
"Spain",2023
"Spain",2023
"Spain",2023
"Spain",2023
"Spain",2023
"Spain",2023
"Spain",2023
"Spain",2023
"Spain",2023
"Spain",2023
"Spain",2023
"Spain",2023
"Spain",2023
"Spain",2023
"Spain",2023
"Spain",2023
"Spain",2023
"Spain",2023
"Spain",2023
"Spain",2023
"Spain",2023
"Spain",2023
"Spain",2023
"Spain",2023
"Spain",2023
"Spain",2023
"Spain",2023
"Spain",2023
"Spain",2023
"Spain",2023
"Spain",2023
"Spain",2023
"Spain",2023
"Spain",2023
"Spain",2023
"Spain",2023
"Spain",2023
"Spain",2023
"Spain",2023
"Sweden",2023
"Sweden",2023
"Sweden",2023
"Sweden",2023
"Sweden",2023
"Sweden",2023
"Sweden",2023
"Switzerland",2023
"Switzerland",2023
"Switzerland",2023
"Switzerland",2023
"Switzerland",2023
"Switzerland",2023
"Switzerland",2023
"Switzerland",2023
"Switzerland",2023
"Switzerland",2023
"Switzerland",2023
"Switzerland",2023
"Switzerland",2023
"Switzerland",2023
"Switzerland",2023
"Switzerland",2023
"Switzerland",2023
"Switzerland",2023
"Switzerland",2023
"Switzerland",2023
"Switzerland",2023
"Switzerland",2023
"Switzerland",2023
"Switzerland",2023
"Taiwan",2023
"Taiwan",2023
"Taiwan",2023
"Taiwan",2023
"Taiwan",2023
"Taiwan",2023
"Taiwan",2023
"Taiwan",2023
"Taiwan",2023
"Taiwan",2023
"Turkey",2023
"Turkey",2023
"Turkey",2023
"Ukraine",2023
"Ukraine",2023
"Ukraine",2023
"Ukraine",2023
"Ukraine",2023
"Ukraine",2023
"Ukraine",2023
"United Arab Emirates",2023
"United Arab Emirates",2023
"United Kingdom",2023
"United Kingdom",2023
"United Kingdom",2023
"United Kingdom",2023
"United Kingdom",2023
"United Kingdom",2023
"United Kingdom",2023
"United Kingdom",2023
"United Kingdom",2023
"United Kingdom",2023
"United Kingdom",2023
"United Kingdom",2023
"United Kingdom",2023
"United Kingdom",2023
"United Kingdom",2023
"United Kingdom",2023
"United Kingdom",2023
"United Kingdom",2023
"United Kingdom",2023
"United Kingdom",2023
"United Kingdom",2023
"United Kingdom",2023
"United Kingdom",2023
"United Kingdom",2023
"United Kingdom",2023
"United Kingdom",2023
"United Kingdom",2023
"United Kingdom",2023
"United Kingdom",2023
"United Kingdom",2023
"United Kingdom",2023
"United Kingdom",2023
"United Kingdom",2023
"United Kingdom",2023
"United Kingdom",2023
"United Kingdom",2023
"United Kingdom",2023
"United Kingdom",2023
"United Kingdom",2023
"United Kingdom",2023
"United Kingdom",2023
"United Kingdom",2023
"United Kingdom",2023
"United Kingdom",2023
"United Kingdom",2023
"United Kingdom",2023
"United Kingdom",2023
"United Kingdom",2023
"United Kingdom",2023
"United Kingdom",2023
"United Kingdom",2023
"United Kingdom",2023
"United Kingdom",2023
"United Kingdom",2023
"United Kingdom",2023
"United Kingdom",2023
"United Kingdom",2023
"United Kingdom",2023
"United Kingdom",2023
"United Kingdom",2023
"United Kingdom",2023
"United Kingdom",2023
"United Kingdom",2023
"United Kingdom",2023
"United Kingdom",2023
"United Kingdom",2023
"United Kingdom",2023
"United Kingdom",2023
"United Kingdom",2023
"United Kingdom",2023
"United Kingdom",2023
"United Kingdom",2023
"United Kingdom",2023
"United Kingdom",2023
"United Kingdom",2023
"United Kingdom",2023
"United Kingdom",2023
"United Kingdom",2023
"United Kingdom",2023
"United Kingdom",2023
"United Kingdom",2023
"United Kingdom",2023
"United Kingdom",2023
"United Kingdom",2023
"United Kingdom",2023
"United Kingdom",2023
"United Kingdom",2023
"United Kingdom",2023
"United Kingdom",2023
"United Kingdom",2023
"United Kingdom",2023
"United Kingdom",2023
"United Kingdom",2023
"United Kingdom",2023
"United Kingdom",2023
"United Kingdom",2023
"United Kingdom",2023
"United Kingdom",2023
"United Kingdom",2023
"United States",2023
"United States",2023
"United States",2023
"United States",2023
"United States",2023
"United States",2023
"United States",2023
"United States",2023
"United States",2023
"United States",2023
"United States",2023
"United States",2023
"United States",2023
"United States",2023
"United States",2023
"United States",2023
"United States",2023
"United States",2023
"United States",2023
"United States",2023
"United States",2023
"United States",2023
"United States",2023
"United States",2023
"United States",2023
"United States",2023
"United States",2023
"United States",2023
"United States",2023
"United States",2023
"United States",2023
"United States",2023
"United States",2023
"United States",2023
"United States",2023
"United States",2023
"United States",2023
"United States",2023
"United States",2023
"United States",2023
"United States",2023
"United States",2023
"United States",2023
"United States",2023
"United States",2023
"United States",2023
"United States",2023
"United States",2023
"United States",2023
"United States",2023
"United States",2023
"United States",2023
"United States",2023
"United States",2023
"United States",2023
"United States",2023
"United States",2023
"United States",2023
"United States",2023
"United States",2023
"United States",2023
"United States",2023
"United States",2023
"United States",2023
"United States",2023
"United States",2023
"United States",2023
"United States",2023
"United States",2023
"United States",2023
"United States",2023
"United States",2023
"United States",2023
"United States",2023
"United States",2023
"United States",2023
"United States",2023
"United States",2023
"United States",2023
"United States",2023
"United States",2023
"United States",2023
"United States",2023
"United States",2023
"United States",2023
"United States",2023
"United States",2023
"United States",2023
"United States",2023
"United States",2023
"United States",2023
"United States",2023
"United States",2023
"United States",2023
"United States",2023
"United States",2023
"United States",2023
"United States",2023
"United States",2023
"United States",2023
"United States",2023
"United States",2023
"United States",2023
"United States",2023
"United States",2023
"United States",2023
"United States",2023
"United States",2023
"United States",2023
"United States",2023
"United States",2023
"United States",2023
"United States",2023
"United States",2023
"United States",2023
"United States",2023
"United States",2023
"United States",2023
"United States",2023
"United States",2023
"United States",2023
"United States",2023
"United States",2023
"United States",2023
"United States",2023
"United States",2023
"United States",2023
"United States",2023
"United States",2023
"United States",2023
"United States",2023
"United States",2023
"United States",2023
"United States",2023
"United States",2023
"United States",2023
"United States",2023
"United States",2023
"United States",2023
"United States",2023
"United States",2023
"United States",2023
"United States",2023
"United States",2023
"United States",2023
"United States",2023
"United States",2023
"United States",2023
"United States",2023
"United States",2023
"United States",2023
"United States",2023
"United States",2023
"United States",2023
"United States",2023
"United States",2023
"United States",2023
"United States",2023
"United States",2023
"United States",2023
"United States",2023
"United States",2023
"United States",2023
"United States",2023
"United States",2023
"United States",2023
"United States",2023
"United States",2023
"United States",2023
"United States",2023
"United States",2023
"United States",2023
"United States",2023
"United States",2023
"United States",2023
"United States",2023
"United States",2023
"United States",2023
"United States",2023
"United States",2023
"United States",2023
"United States",2023
"United States",2023
"United States",2023
"United States",2023
"United States",2023
"United States",2023
"United States",2023
"United States",2023
"United States",2023
"United States",2023
"United States",2023
"United States",2023
"United States",2023
"United States",2023
"United States",2023
"United States",2023
"United States",2023
"United States",2023
"United States",2023
"United States",2023
"United States",2023
"United States",2023
"United States",2023
"United States",2023
"United States",2023
"United States",2023
"United States",2023
"United States",2023
"United States",2023
"United States",2023
"United States",2023
"United States",2023
"United States",2023
"United States",2023
"United States",2023
"United States",2023
"United States",2023
"United States",2023
"United States",2023
"United States",2023
"United States",2023
"United States",2023
"United States",2023
"United States",2023
"United States",2023
"United States",2023
"United States",2023
"United States",2023
"United States",2023
"United States",2023
"United States",2023
"United States",2023
"United States",2023
"United States",2023
"United States",2023
"United States",2023
"United States",2023
"United States",2023
"United States",2023
"United States",2023
"United States",2023
"United States",2023
"United States",2023
"United States",2023
"United States",2023
"United States",2023
"United States",2023
"United States",2023
"United States",2023
"United States",2023
"United States",2023
"United States",2023
"United States",2023
"United States",2023
"United States",2023
"United States",2023
"United States",2023
"United States",2023
"United States",2023
"United States",2023
"United States",2023
"United States",2023
"United States",2023
"United States",2023
"United States",2023
"United States",2023
"United States",2023
"United States",2023
"United States",2023
"United States",2023
"United States",2023
"United States",2023
"United States",2023
"United States",2023
"United States",2023
"United States",2023
"United States",2023
"United States",2023
"United States",2023
"United States",2023
"United States",2023
"United States",2023
"United States",2023
"United States",2023
"United States",2023
"United States",2023
"United States",2023
"United States",2023
"United States",2023
"United States",2023
"United States",2023
"United States",2023
"United States",2023
"United States",2023
"United States",2023
"United States",2023
"United States",2023
"United States",2023
"United States",2023
"United States",2023
"United States",2023
"United States",2023
"United States",2023
"United States",2023
"United States",2023
"United States",2023
"United States",2023
"United States",2023
"United States",2023
"United States",2023
"United States",2023
"United States",2023
"United States",2023
"United States",2023
"United States",2023
"United States",2023
"United States",2023
"United States",2023
"United States",2023
"United States",2023
"United States",2023
"United States",2023
"United States",2023
"United States",2023
"United States",2023
"United States",2023
"United States",2023
"United States",2023
"United States",2023
"United States",2023
"United States",2023
"United States",2023
"United States",2023
"United States",2023
"United States",2023
"United States",2023
"United States",2023
"United States",2023
"United States",2023
"United States",2023
"United States",2023
"United States",2023
"United States",2023
"United States",2023
"United States",2023
"United States",2023
"United States",2023
"United States",2023
"United States",2023
"United States",2023
"United States",2023
"United States",2023
"United States",2023
"United States",2023
"United States",2023
"United States",2023
"United States",2023
"United States",2023
"United States",2023
"United States",2023
"United States",2023
"United States",2023
"United States",2023
"United States",2023
"United States",2023
"United States",2023
"United States",2023
"United States",2023
"United States",2023
"United States",2023
"United States",2023
"United States",2023
"United States",2023
"United States",2023
"United States",2023
"United States",2023
"United States",2023
"United States",2023
"United States",2023
"United States",2023
"United States",2023
"United States",2023
"United States",2023
"United States",2023
"United States",2023
"United States",2023
"United States",2023
"United States",2023
"United States",2023
"United States",2023
"United States",2023
"United States",2023
"United States",2023
"United States",2023
"United States",2023
"United States",2023
"United States",2023
"United States",2023
"United States",2023
"United States",2023
"United States",2023
"United States",2023
"United States",2023
"United States",2023
"United States",2023
"United States",2023
"United States",2023
"United States",2023
"United States",2023
"United States",2023
"United States",2023
"United States",2023
"United States",2023
"United States",2023
"United States",2023
"United States",2023
"United States",2023
"United States",2023
"United States",2023
"United States",2023
"United States",2023
"United States",2023
"United States",2023
"United States",2023
"United States",2023
"United States",2023
"United States",2023
"United States",2023
"United States",2023
"United States",2023
"United States",2023
"United States",2023
"United States",2023
"United States",2023
"United States",2023
"United States",2023
"United States",2023
"United States",2023
"United States",2023
"United States",2023
"United States",2023
"United States",2023
"United States",2023
"United States",2023
"United States",2023
"United States",2023
"United States",2023
"United States",2023
"United States",2023
"United States",2023
"United States",2023
"United States",2023
"United States",2023
"United States",2023
"United States",2023
"United States",2023
"United States",2023
"United States",2023
"United States",2023
"United States",2023
"United States",2023
"United States",2023
"United States",2023
"United States",2023
"United States",2023
"United States",2023
"United States",2023
"United States",2023
"United States",2023
"United States",2023
"United States",2023
"United States",2023
"United States",2023
"United States",2023
"United States",2023
"United States",2023
"United States",2023
"United States",2023
"United States",2023
"United States",2023
"United States",2023
"United States",2023
"United States",2023
"United States",2023
"United States",2023
"United States",2023
"United States",2023
"United States",2023
"United States",2023
"United States",2023
"United States",2023
"United States",2023
"United States",2023
"United States",2023
"United States",2023
"United States",2023
"United States",2023
"United States",2023
"United States",2023
"United States",2023
"United States",2023
"United States",2023
"United States",2023
"United States",2023
"United States",2023
"United States",2023
"United States",2023
"United States",2023
"United States",2023
"United States",2023
"United States",2023
"United States",2023
"United States",2023
"United States",2023
"United States",2023
"United States",2023
"United States",2023
"United States",2023
"United States",2023
"United States",2023
"United States",2023
"United States",2023
"United States",2023
"United States",2023
"United States",2023
"United States",2023
"United States",2023
"United States",2023
"United States",2023
"United States",2023
"United States",2023
"United States",2023
"United States",2023
"United States",2023
"United States",2023
"United States",2023
"United States",2023
"United States",2023
"United States",2023
"United States",2023
"United States",2023
"United States",2023
"United States",2023
"United States",2023
"United States",2023
"United States",2023
"United States",2023
"United States",2023
"United States",2023
"United States",2023
"United States",2023
"United States",2023
"United States",2023
"United States",2023
"United States",2023
"United States",2023
"United States",2023
"United States",2023
"United States",2023
"United States",2023
"United States",2023
"United States",2023
"United States",2023
"United States",2023
"United States",2023
"United States",2023
"United States",2023
"United States",2023
"United States",2023
"United States",2023
"United States",2023
"United States",2023
"United States",2023
"United States",2023
"United States",2023
"United States",2023
"United States",2023
"United States",2023
"United States",2023
"United States",2023
"United States",2023
"United States",2023
"United States",2023
"United States",2023
"United States",2023
"United States",2023
"United States",2023
"United States",2023
"United States",2023
"United States",2023
"United States",2023
"United States",2023
"United States",2023
"United States",2023
"United States",2023
"United States",2023
"United States",2023
"United States",2023
"United States",2023
"United States",2023
"United States",2023
"United States",2023
"United States",2023
"United States",2023
"United States",2023
"United States",2023
"United States",2023
"United States",2023
"United States",2023
"United States",2023
"United States",2023
"United States",2023
"United States",2023
"United States",2023
"United States",2023
"United States",2023
"United States",2023
"United States",2023
"United States",2023
"United States",2023
"United States",2023
"United States",2023
"United States",2023
"United States",2023
"United States",2023
"United States",2023
"United States",2023
"United States",2023
"United States",2023
"United States",2023
"United States",2023
"United States",2023
"United States",2023
"United States",2023
"United States",2023
"United States",2023
"United States",2023
"United States",2023
"United States",2023
"United States",2023
"United States",2023
"United States",2023
"United States",2023
"United States",2023
"United States",2023
"United States",2023
"United States",2023
"United States",2023
"United States",2023
"United States",2023
"United States",2023
"United States",2023
"United States",2023
"United States",2023
"United States",2023
"United States",2023
"United States",2023
"United States",2023
"United States",2023
"United States",2023
"United States",2023
"United States",2023
"United States",2023
"United States",2023
"United States",2023
"United States",2023
"United States",2023
"United States",2023
"United States",2023
"United States",2023
"United States",2023
"United States",2023
"United States",2023
"United States",2023
"United States",2023
"United States",2023
"United States",2023
"United States",2023
"United States",2023
"United States",2023
"United States",2023
"United States",2023
"United States",2023
"United States",2023
"United States",2023
"United States",2023
"United States",2023
"United States",2023
"United States",2023
"United States",2023
"United States",2023
"United States",2023
"United States",2023
"United States",2023
"United States",2023
"United States",2023
"United States",2023
"United States",2023
"United States",2023
"United States",2023
"United States",2023
"United States",2023
"United States",2023
"United States",2023
"United States",2023
"United States",2023
"United States",2023
"United States",2023
"United States",2023
"United States",2023
"United States",2023
"United States",2023
"United States",2023
"United States",2023
"United States",2023
"United States",2023
"United States",2023
"United States",2023
"United States",2023
"United States",2023
"United States",2023
"United States",2023
"United States",2023
"United States",2023
"United States",2023
"United States",2023
"United States",2023
"United States",2023
"United States",2023
"United States",2023
"United States",2023
"United States",2023
"United States",2023
"United States",2023
"United States",2023
"United States",2023
"United States",2023
"United States",2023
"United States",2023
"United States",2023
"United States",2023
"United States",2023
"United States",2023
"United States",2023
"United States",2023
"United States",2023
"United States",2023
"United States",2023
"United States",2023
"United States",2023
"United States",2023
"United States",2023
"United States",2023
"United States",2023
"United States",2023
"United States",2023
"United States",2023
"United States",2023
"United States",2023
"United States",2023
"United States",2023
"United States",2023
"United States",2023
"United States",2023
"United States",2023
"United States",2023
"United States",2023
"United States",2023
"United States",2023
"United States",2023
"United States",2023
"United States",2023
"United States",2023
"United States",2023
"United States",2023
"United States",2023
"United States",2023
"United States",2023
"United States",2023
"United States",2023
"United States",2023
"United States",2023
"United States",2023
"United States",2023
"United States",2023
"United States",2023
"United States",2023
"United States",2023
"United States",2023
"United States",2023
"United States",2023
"United States",2023
"United States",2023
"United States",2023
"United States",2023
"United States",2023
"United States",2023
"United States",2023
"United States",2023
"United States",2023
"United States",2023
"United States",2023
"United States",2023
"United States",2023
"United States",2023
"United States",2023
"United States",2023
"United States",2023
"United States",2023
"United States",2023
"United States",2023
"United States",2023
"United States",2023
"United States",2023
"United States",2023
"United States",2023
"United States",2023
"United States",2023
"United States",2023
"United States",2023
"United States",2023
"United States",2023
"United States",2023
"United States",2023
"United States",2023
"United States",2023
"United States",2023
"United States",2023
"United States",2023
"United States",2023
"United States",2023
"United States",2023
"United States",2023
"United States",2023
"United States",2023
"United States",2023
"United States",2023
"United States",2023
"United States",2023
"United States",2023
"United States",2023
"United States",2023
"United States",2023
"United States",2023
"United States",2023
"United States",2023
"United States",2023
"United States",2023
"United States",2023
"United States",2023
"United States",2023
"United States",2023
"United States",2023
"United States",2023
"United States",2023
"United States",2023
"United States",2023
"United States",2023
"United States",2023
"United States",2023
"United States",2023
"United States",2023
"United States",2023
"United States",2023
"United States",2023
"United States",2023
"United States",2023
"United States",2023
"United States",2023
"United States",2023
"United States",2023
"United States",2023
"United States",2023
"United States",2023
"United States",2023
"United States",2023
"United States",2023
"United States",2023
"United States",2023
"United States",2023
"United States",2023
"United States",2023
"United States",2023
"United States",2023
"United States",2023
"United States",2023
"United States",2023
"United States",2023
"United States",2023
"United States",2023
"United States",2023
"United States",2023
"United States",2023
"United States",2023
"United States",2023
"United States",2023
"United States",2023
"United States",2023
"United States",2023
"United States",2023
"United States",2023
"United States",2023
"United States",2023
"United States",2023
"United States",2023
"United States",2023
"United States",2023
"United States",2023
"United States",2023
"United States",2023
"United States",2023
"United States",2023
"United States",2023
"United States",2023
"United States",2023
"United States",2023
"United States",2023
"United States",2023
"United States",2023
"United States",2023
"United States",2023
"United States",2023
"United States",2023
"United States",2023
"United States",2023
"United States",2023
"United States",2023
"United States",2023
"United States",2023
"United States",2023
"United States",2023
"United States",2023
"United States",2023
"United States",2023
"United States",2023
"United States",2023
"United States",2023
"United States",2023
"United States",2023
"United States",2023
"United States",2023
"United States",2023
"United States",2023
"United States",2023
"United States",2023
"United States",2023
"United States",2023
"United States",2023
"United States",2023
"United States",2023
"United States",2023
"United States",2023
"United States",2023
"United States",2023
"United States",2023
"United States",2023
"United States",2023
"United States",2023
"United States",2023
"United States",2023
"United States",2023
"United States",2023
"United States",2023
"United States",2023
"United States",2023
"United States",2023
"United States",2023
"United States",2023
"United States",2023
"United States",2023
"United States",2023
"United States",2023
"United States",2023
"United States",2023
"United States",2023
"United States",2023
"United States",2023
"United States",2023
"United States",2023
"United States",2023
"United States",2023
"United States",2023
"United States",2023
"United States",2023
"United States",2023
"United States",2023
"United States",2023
"United States",2023
"United States",2023
"United States",2023
"United States",2023
"United States",2023
"United States",2023
"United States",2023
"United States",2023
"United States",2023
"United States",2023
"United States",2023
"United States",2023
"United States",2023
"United States",2023
"United States",2023
"United States",2023
"United States",2023
"United States",2023
"United States",2023
"United States",2023
"United States",2023
"United States",2023
"United States",2023
"United States",2023
"United States",2023
"United States",2023
"United States",2023
"United States",2023
"United States",2023
"United States",2023
"United States",2023
"United States",2023
"United States",2023
"United States",2023
"United States",2023
"United States",2023
"United States",2023
"United States",2023
"United States",2023
"United States",2023
"United States",2023
"United States",2023
"United States",2023
"United States",2023
"United States",2023
"United States",2023
"United States",2023
"United States",2023
"United States",2023
"United States",2023
"United States",2023
"United States",2023
"United States",2023
"United States",2023
"United States",2023
"United States",2023
"United States",2023
"United States",2023
"United States",2023
"United States",2023
"United States",2023
"United States",2023
"United States",2023
"United States",2023
"United States",2023
"United States",2023
"United States",2023
"United States",2023
"United States",2023
"United States",2023
"United States",2023
"United States",2023
"United States",2023
"United States",2023
"United States",2023
"United States",2023
"United States",2023
"United States",2023
"United States",2023
"United States",2023
"United States",2023
"United States",2023
"United States",2023
"United States",2023
"United States",2023
"United States",2023
"United States",2023
"United States",2023
"United States",2023
"United States",2023
"United States",2023
"United States",2023
"United States",2023
"United States",2023
"United States",2023
"United States",2023
"United States",2023
"United States",2023
"United States",2023
"United States",2023
"United States",2023
"United States",2023
"United States",2023
"United States",2023
"United States",2023
"United States",2023
"United States",2023
"United States",2023
"United States",2023
"United States",2023
"United States",2023
"United States",2023
"United States",2023
"United States",2023
"United States",2023
"United States",2023
"United States",2023
"United States",2023
"United States",2023
"United States",2023
"United States",2023
"United States",2023
"United States",2023
"United States",2023
"United States",2023
"United States",2023
"United States",2023
"United States",2023
"United States",2023
"United States",2023
"United States",2023
"United States",2023
"United States",2023
"United States",2023
"United States",2023
"United States",2023
"United States",2023
"United States",2023
"United States",2023
"United States",2023
"United States",2023
"United States",2023
"United States",2023
"United States",2023
"United States",2023
"United States",2023
"United States",2023
"United States",2023
"United States",2023
"United States",2023
"United States",2023
"United States",2023
"United States",2023
"United States",2023
"United States",2023
"United States",2023
"United States",2023
"United States",2023
"United States",2023
"United States",2023
"United States",2023
"United States",2023
"United States",2023
"United States",2023
"United States",2023
"United States",2023
"United States",2023
"United States",2023
"United States",2023
"United States",2023
"United States",2023
"United States",2023
"United States",2023
"United States",2023
"United States",2023
"United States",2023
"United States",2023
"United States",2023
"United States",2023
"United States",2023
"United States",2023
"United States",2023
"United States",2023
"United States",2023
"United States",2023
"United States",2023
"United States",2023
"United States",2023
"United States",2023
"United States",2023
"United States",2023
"United States",2023
"United States",2023
"United States",2023
"United States",2023
"United States",2023
"United States",2023
"United States",2023
"United States",2023
"United States",2023
"United States",2023
"United States",2023
"United States",2023
"United States",2023
"United States",2023
"United States",2023
"United States",2023
"United States",2023
"United States",2023
"United States",2023
"United States",2023
"United States",2023
"United States",2023
"United States",2023
"United States",2023
"United States",2023
"United States",2023
"United States",2023
"United States",2023
"United States",2023
"United States",2023
"United States",2023
"United States",2023
"United States",2023
"United States",2023
"United States",2023
"United States",2023
"United States",2023
"United States",2023
"United States",2023
"United States",2023
"United States",2023
"United States",2023
"United States",2023
"United States",2023
"United States",2023
"United States",2023
"United States",2023
"United States",2023
"United States",2023
"United States",2023
"United States",2023
"United States",2023
"United States",2023
"United States",2023
"United States",2023
"United States",2023
"United States",2023
"United States",2023
"United States",2023
"United States",2023
"United States",2023
"United States",2023
"United States",2023
"United States",2023
"United States",2023
"United States",2023
"United States",2023
"United States",2023
"United States",2023
"United States",2023
"United States",2023
"United States",2023
"United States",2023
"United States",2023
"United States",2023
"United States",2023
"United States",2023
"United States",2023
"United States",2023
"United States",2023
"United States",2023
"United States",2023
"United States",2023
"United States",2023
"United States",2023
"United States",2023
"United States",2023
"United States",2023
"United States",2023
"United States",2023
"United States",2023
"United States",2023
"United States",2023
"United States",2023
"United States",2023
"United States",2023
"United States",2023
"United States",2023
"United States",2023
"United States",2023
"United States",2023
"United States",2023
"United States",2023
"United States",2023
"United States",2023
"United States",2023
"United States",2023
"United States",2023
"United States",2023
"United States",2023
"United States",2023
"United States",2023
"United States",2023
"United States",2023
"United States",2023
"United States",2023
"United States",2023
"United States",2023
"United States",2023
"United States",2023
"United States",2023
"United States",2023
"United States",2023
"United States",2023
"United States",2023
"United States",2023
"United States",2023
"United States",2023
"United States",2023
"United States",2023
"United States",2023
"United States",2023
"United States",2023
"United States",2023
"United States",2023
"United States",2023
"United States",2023
"United States",2023
"United States",2023
"United States",2023
"United States",2023
"United States",2023
"United States",2023
"United States",2023
"United States",2023
"United States",2023
"United States",2023
"United States",2023
"United States",2023
"United States",2023
"United States",2023
"United States",2023
"United States",2023
"United States",2023
"United States",2023
"United States",2023
"United States",2023
"United States",2023
"United States",2023
"United States",2023
"United States",2023
"United States",2023
"United States",2023
"United States",2023
"United States",2023
"United States",2023
"United States",2023
"United States",2023
"United States",2023
"United States",2023
"United States",2023
"United States",2023
"United States",2023
"United States",2023
"United States",2023
"United States",2023
"United States",2023
"United States",2023
"United States",2023
"United States",2023
"United States",2023
"United States",2023
"United States",2023
"United States",2023
"United States",2023
"United States",2023
"United States",2023
"United States",2023
"United States",2023
"United States",2023
"United States",2023
"United States",2023
"United States",2023
"United States",2023
"United States",2023
"United States",2023
"United States",2023
"United States",2023
"United States",2023
"United States",2023
"United States",2023
"United States",2023
"United States",2023
"United States",2023
"United States",2023
"United States",2023
"United States",2023
"United States",2023
"United States",2023
"United States",2023
"United States",2023
"United States",2023
"United States",2023
"United States",2023
"United States",2023
"United States",2023
"United States",2023
"United States",2023
"United States",2023
"United States",2023
"United States",2023
"United States",2023
"United States",2023
"United States",2023
"United States",2023
"United States",2023
"United States",2023
"United States",2023
"United States",2023
"United States",2023
"United States",2023
"United States",2023
"United States",2023
"United States",2023
"United States",2023
"United States",2023
"United States",2023
"United States",2023
"United States",2023
"United States",2023
"United States",2023
"United States",2023
"United States",2023
"United States",2023
"United States",2023
"United States",2023
"United States",2023
"United States",2023
"United States",2023
"United States",2023
"United States",2023
"United States",2023
"United States",2023
"United States",2023
"United States",2023
"United States",2023
"United States",2023
"United States",2023
"United States",2023
"United States",2023
"United States",2023
"United States",2023
"United States",2023
"United States",2023
"United States",2023
"United States",2023
"United States",2023
"United States",2023
"United States",2023
"United States",2023
"United States",2023
"United States",2023
"United States",2023
"United States",2023
"United States",2023
"United States",2023
"United States",2023
"United States",2023
"United States",2023
"United States",2023
"United States",2023
"United States",2023
"United States",2023
"United States",2023
"United States",2023
"United States",2023
"United States",2023
"United States",2023
"United States",2023
"United States",2023
"United States",2023
"United States",2023
"United States",2023
"United States",2023
"United States",2023
"United States",2023
"United States",2023
"United States",2023
"United States",2023
"United States",2023
"United States",2023
"United States",2023
"United States",2023
"United States",2023
"United States",2023
"United States",2023
"United States",2023
"United States",2023
"United States",2023
"United States",2023
"United States",2023
"United States",2023
"United States",2023
"United States",2023
"United States",2023
"United States",2023
"United States",2023
"United States",2023
"United States",2023
"United States",2023
"United States",2023
"United States",2023
"United States",2023
"United States",2023
"United States",2023
"United States",2023
"United States",2023
"United States",2023
"United States",2023
"United States",2023
"United States",2023
"United States",2023
"United States",2023
"United States",2023
"United States",2023
"United States",2023
"United States",2023
"United States",2023
"United States",2023
"United States",2023
"United States",2023
"United States",2023
"United States",2023
"United States",2023
"United States",2023
"United States",2023
"United States",2023
"United States",2023
"United States",2023
"United States",2023
"United States",2023
"United States",2023
"United States",2023
"United States",2023
"United States",2023
"United States",2023
"United States",2023
"United States",2023
"United States",2023
"United States",2023
"United States",2023
"United States",2023
"United States",2023
"United States",2023
"United States",2023
"United States",2023
"United States",2023
"United States",2023
"United States",2023
"United States",2023
"United States",2023
"United States",2023
"United States",2023
"United States",2023
"United States",2023
"United States",2023
"United States",2023
"United States",2023
"United States",2023
"United States",2023
"United States",2023
"United States",2023
"United States",2023
"United States",2023
"United States",2023
"United States",2023
"United States",2023
"United States",2023
"United States",2023
"United States",2023
"United States",2023
"United States",2023
"United States",2023
"United States",2023
"United States",2023
"United States",2023
"United States",2023
"United States",2023
"United States",2023
"United States",2023
"United States",2023
"United States",2023
"United States",2023
"United States",2023
"United States",2023
"United States",2023
"United States",2023
"United States",2023
"United States",2023
"United States",2023
"United States",2023
"United States",2023
"United States",2023
"United States",2023
"United States",2023
"United States",2023
"United States",2023
"United States",2023
"United States",2023
"United States",2023
"Uruguay",2023
"Uruguay",2023
"Uruguay",2023
"Uzbekistan",2023
"Venezuela",2023
"Vietnam",2023
"Vietnam",2023
"Vietnam",2023
"Vietnam",2023
"Vietnam",2023
"Vietnam",2023
"Vietnam",2023
"Vietnam",2023
"Vietnam",2023
"Vietnam",2023
"Vietnam",2023
"Vietnam",2023
"Vietnam",2023
"Vietnam",2023
"Vietnam",2023
"Vietnam",2023
"Vietnam",2023
"Vietnam",2023
"Vietnam",2023
"Vietnam",2023
"Vietnam",2023
"Vietnam",2023
"Vietnam",2023
"Vietnam",2023
